Fecha,LME Precio,SHFE Precio,Tipo de cambio
02/01/2018,"$2,256.00","$2,313.95",19.4899
03/01/2018,"$2,241.00","$2,305.38",19.3717
04/01/2018,"$2,230.00","$2,292.44",19.2427
05/01/2018,"$2,205.50","$2,304.61",19.2737
08/01/2018,"$2,177.50","$2,293.01",19.2323
09/01/2018,"$2,143.50","$2,284.70",19.3065
10/01/2018,"$2,159.00","$2,276.55",19.2405
11/01/2018,"$2,179.00","$2,304.73",19.3433
12/01/2018,"$2,215.00","$2,299.99",19.0446
15/01/2018,"$2,227.50","$2,338.25",18.8113
16/01/2018,"$2,172.00","$2,295.41",18.8362
17/01/2018,"$2,187.00","$2,260.29",18.655
18/01/2018,"$2,225.00","$2,263.88",18.6361
19/01/2018,"$2,256.00","$2,287.55",18.5813
22/01/2018,"$2,235.00","$2,277.40",18.7118
23/01/2018,"$2,213.50","$2,276.62",18.798
24/01/2018,"$2,216.00","$2,285.14",18.5178
25/01/2018,"$2,237.50","$2,317.63",18.478
26/01/2018,"$2,238.00","$2,311.30",18.4672
29/01/2018,"$2,251.50","$2,318.08",18.6196
30/01/2018,"$2,229.00","$2,301.15",18.6982
31/01/2018,"$2,224.50","$2,303.91",18.6069
01/02/2018,"$2,218.00","$2,281.96",18.4004
02/02/2018,"$2,228.00","$2,284.49",18.5248
05/02/2018,"$2,202.00","$2,282.45",18.7009
06/02/2018,"$2,196.00","$2,271.78",18.6492
07/02/2018,"$2,181.50","$2,260.91",18.8815
08/02/2018,"$2,168.00","$2,251.50",18.8623
09/02/2018,"$2,142.00","$2,257.34",18.6703
12/02/2018,"$2,129.50","$2,239.65",18.6269
13/02/2018,"$2,123.50","$2,255.11",18.6025
14/02/2018,"$2,138.00","$2,247.53",18.5159
22/02/2018,"$2,194.00","$2,228.63",18.4797
23/02/2018,"$2,210.00","$2,253.38",18.536
26/02/2018,"$2,188.50","$2,262.11",18.6594
27/02/2018,"$2,172.50","$2,254.98",18.6518
28/02/2018,"$2,158.50","$2,255.45",18.6574
01/03/2018,"$2,143.00","$2,258.04",18.5659
02/03/2018,"$2,144.00","$2,267.86",18.6456
05/03/2018,"$2,135.00","$2,247.53",18.7902
06/03/2018,"$2,136.00","$2,280.02",18.8331
07/03/2018,"$2,112.50","$2,268.74",18.861
08/03/2018,"$2,082.50","$2,242.49",18.8909
09/03/2018,"$2,078.50","$2,242.97",18.8838
12/03/2018,"$2,097.00","$2,231.75",18.7246
13/03/2018,"$2,080.00","$2,205.31",18.7922
14/03/2018,"$2,096.00","$2,204.33",18.7148
15/03/2018,"$2,062.50","$2,210.85",18.5812
16/03/2018,"$2,069.00","$2,202.89",18.6199
19/03/2018,"$2,070.50","$2,210.60",18.5604
20/03/2018,"$2,073.00","$2,208.41",18.5854
21/03/2018,"$2,056.50","$2,202.14",18.7023
22/03/2018,"$2,059.00","$2,199.55",18.7216
23/03/2018,"$2,049.00","$2,182.96",18.7614
26/03/2018,"$2,022.00","$2,187.77",18.6001
27/03/2018,"$2,035.00","$2,196.96",18.5078
28/03/2018,"$2,009.00","$2,189.85",18.5364
29/03/2018,"$1,997.00","$2,193.41",18.3268
03/04/2018,"$2,010.00","$2,233.95",18.3445
04/04/2018,"$1,972.00","$2,221.19",18.2709
09/04/2018,"$2,113.00","$2,241.19",18.2967
10/04/2018,"$2,171.50","$2,270.99",18.2044
11/04/2018,"$2,253.00","$2,294.41",18.2244
12/04/2018,"$2,220.50","$2,274.65",18.1081
13/04/2018,"$2,325.00","$2,309.05",18.2888
16/04/2018,"$2,358.50","$2,321.00",18.2753
17/04/2018,"$2,375.50","$2,365.71",18.2882
18/04/2018,"$2,528.50","$2,370.38",18.2018
19/04/2018,"$2,602.50","$2,434.90",18.1353
20/04/2018,"$2,463.00","$2,386.76",18.087
23/04/2018,"$2,452.00","$2,364.21",18.0394
24/04/2018,"$2,222.00","$2,285.57",17.9787
25/04/2018,"$2,248.00","$2,280.73",18.0333
26/04/2018,"$2,204.00","$2,273.90",18.2819
27/04/2018,"$2,249.00","$2,285.60",18.621
02/05/2018,"$2,269.00","$2,269.18",18.8628
03/05/2018,"$2,349.00","$2,285.57",18.8139
04/05/2018,"$2,316.00","$2,289.62",19.053
08/05/2018,"$2,384.00","$2,303.98",18.8644
09/05/2018,"$2,295.00","$2,302.98",18.6847
10/05/2018,"$2,327.00","$2,304.23",18.7878
11/05/2018,"$2,273.50","$2,319.55",19.0943
14/05/2018,"$2,285.50","$2,313.35",19.1223
15/05/2018,"$2,313.00","$2,305.74",19.2017
16/05/2018,"$2,319.50","$2,314.18",19.4232
17/05/2018,"$2,280.00","$2,333.81",19.5781
18/05/2018,"$2,297.00","$2,324.56",19.5387
21/05/2018,"$2,278.50","$2,317.59",19.2989
22/05/2018,"$2,265.50","$2,309.47",19.3539
23/05/2018,"$2,227.00","$2,289.60",19.5214
24/05/2018,"$2,271.00","$2,301.04",19.7854
25/05/2018,"$2,282.00","$2,314.64",19.7094
29/05/2018,"$2,260.00","$2,299.61",19.7033
30/05/2018,"$2,265.50","$2,291.04",19.9319
31/05/2018,"$2,285.50","$2,286.96",19.9054
01/06/2018,"$2,271.00","$2,276.33",19.7528
04/06/2018,"$2,324.50","$2,284.62",19.7661
05/06/2018,"$2,314.50","$2,287.65",19.7048
06/06/2018,"$2,317.50","$2,306.03",19.5608
07/06/2018,"$2,331.00","$2,333.42",19.5915
08/06/2018,"$2,287.50","$2,321.21",19.7499
11/06/2018,"$2,300.00","$2,329.72",19.7322
12/06/2018,"$2,309.00","$2,327.38",19.9759
13/06/2018,"$2,278.00","$2,303.08",19.8662
14/06/2018,"$2,277.50","$2,292.24",19.9934
15/06/2018,"$2,239.50","$2,254.18",20.3863
19/06/2018,"$2,179.00","$2,202.75",20.3129
20/06/2018,"$2,179.00","$2,190.81",20.46
21/06/2018,"$2,167.00","$2,183.72",20.5281
22/06/2018,"$2,166.00","$2,183.31",20.4722
25/06/2018,"$2,172.00","$2,168.89",20.596
26/06/2018,"$2,152.00","$2,138.64",20.6259
27/06/2018,"$2,204.50","$2,140.80",20.6953
28/06/2018,"$2,173.00","$2,144.29",20.716
29/06/2018,"$2,183.00","$2,135.14",20.6968
02/07/2018,"$2,153.00","$2,108.25",20.5531
03/07/2018,"$2,165.00","$2,104.74",20.3937
04/07/2018,"$2,120.50","$2,116.48",20.3689
05/07/2018,"$2,127.00","$2,103.02",20.1264
06/07/2018,"$2,098.50","$2,107.00",20.0908
09/07/2018,"$2,135.50","$2,138.72",19.8754
10/07/2018,"$2,140.50","$2,138.34",20.0553
11/07/2018,"$2,120.50","$2,095.05",19.8633
12/07/2018,"$2,104.50","$2,115.00",19.6912
13/07/2018,"$2,102.00","$2,105.05",20.1453
16/07/2018,"$2,130.00","$2,096.74",19.5974
17/07/2018,"$2,110.00","$2,094.11",19.4284
18/07/2018,"$2,040.00","$2,089.15",19.2513
19/07/2018,"$2,062.00","$2,078.95",19.0719
20/07/2018,"$2,075.00","$2,075.19",19.1563
23/07/2018,"$2,130.00","$2,086.56",19.0559
24/07/2018,"$2,082.00","$2,106.43",18.9632
25/07/2018,"$2,056.50","$2,126.88",18.8241
26/07/2018,"$2,054.00","$2,108.64",18.8854
27/07/2018,"$2,055.00","$2,108.08",18.836
30/07/2018,"$2,054.00","$2,114.68",18.8763
31/07/2018,"$2,061.00","$2,128.60",18.91
01/08/2018,"$2,036.00","$2,127.17",19.079
02/08/2018,"$2,023.00","$2,095.07",19.0694
03/08/2018,"$2,016.00","$2,106.70",19.0761
06/08/2018,"$2,000.50","$2,102.42",18.8506
07/08/2018,"$2,026.50","$2,111.82",18.7709
08/08/2018,"$2,022.00","$2,108.18",18.6234
09/08/2018,"$2,118.00","$2,163.08",18.5515
10/08/2018,"$2,039.00","$2,144.02",18.5413
13/08/2018,"$2,052.00","$2,131.52",18.6457
14/08/2018,"$2,038.00","$2,132.99",18.5899
15/08/2018,"$1,994.50","$2,106.04",18.6349
16/08/2018,"$1,998.00","$2,090.87",18.5725
17/08/2018,"$1,999.00","$2,103.21",18.5433
20/08/2018,"$2,033.00","$2,103.15",18.4631
21/08/2018,"$2,040.50","$2,138.90",18.4542
22/08/2018,"$2,038.50","$2,146.22",18.6511
23/08/2018,"$2,021.50","$2,133.02",18.9273
24/08/2018,"$2,062.00","$2,164.57",19.1801
28/08/2018,"$2,088.00","$2,173.40",18.9973
29/08/2018,"$2,116.00","$2,193.87",19.2339
30/08/2018,"$2,127.00","$2,187.12",19.01
31/08/2018,"$2,112.00","$2,179.16",19.0615
03/09/2018,"$2,083.50","$2,177.74",19.0305
04/09/2018,"$2,040.00","$2,160.09",18.8784
05/09/2018,"$2,046.00","$2,144.03",18.8176
06/09/2018,"$2,030.50","$2,152.07",18.8672
07/09/2018,"$2,030.00","$2,144.02",18.8339
10/09/2018,"$2,000.00","$2,146.19",18.6697
11/09/2018,"$2,035.00","$2,149.04",18.9354
12/09/2018,"$1,981.50","$2,127.22",19.0659
13/09/2018,"$2,014.50","$2,122.83",19.1258
14/09/2018,"$2,015.50","$2,123.58",19.1792
17/09/2018,"$1,985.00","$2,119.93",19.2137
18/09/2018,"$2,012.00","$2,107.55",19.3609
19/09/2018,"$1,981.00","$2,118.45",19.4433
20/09/2018,"$2,018.50","$2,124.29",19.3546
21/09/2018,"$2,034.00","$2,140.35",19.2394
25/09/2018,"$2,020.00","$2,130.13",19.2989
26/09/2018,"$2,056.50","$2,122.84",19.268
27/09/2018,"$2,030.00","$2,103.95",19.0511
28/09/2018,"$2,011.50","$2,086.45",18.8775
08/10/2018,"$2,073.50","$2,072.88",18.8689
09/10/2018,"$2,031.50","$2,095.97",18.8399
10/10/2018,"$2,029.00","$2,092.36",18.7694
11/10/2018,"$2,024.00","$2,072.00",18.7672
12/10/2018,"$2,045.00","$2,054.81",18.8296
15/10/2018,"$2,028.00","$2,057.66",18.8539
16/10/2018,"$2,022.00","$2,056.19",18.8516
17/10/2018,"$2,018.00","$2,064.92",18.987
18/10/2018,"$2,007.50","$2,041.15",18.8986
19/10/2018,"$2,022.50","$2,039.68",18.812
22/10/2018,"$2,002.50","$2,032.59",18.7231
23/10/2018,"$1,997.00","$2,041.90",18.6531
24/10/2018,"$1,987.50","$2,050.54",18.7503
25/10/2018,"$1,981.00","$2,046.26",18.8014
26/10/2018,"$1,961.00","$2,044.08",19.1328
29/10/2018,"$1,980.50","$2,036.97",18.9444
30/10/2018,"$1,952.00","$2,026.22",18.9234
31/10/2018,"$1,946.00","$2,011.19",19
01/11/2018,"$1,961.00","$2,009.33",19.1183
02/11/2018,"$1,967.00","$2,021.91",19.0217
05/11/2018,"$1,959.00","$2,010.77",18.9202
06/11/2018,"$1,950.00","$2,012.83",18.8096
07/11/2018,"$1,951.50","$2,007.05",18.7693
08/11/2018,"$1,977.00","$2,012.31",18.8012
09/11/2018,"$1,964.50","$1,999.59",19.1018
12/11/2018,"$1,934.00","$1,991.73",19.2183
13/11/2018,"$1,925.00","$1,978.75",19.3669
14/11/2018,"$1,931.00","$1,982.22",19.4169
15/11/2018,"$1,917.00","$1,981.38",19.4623
16/11/2018,"$1,914.00","$1,981.31",19.4383
19/11/2018,"$1,918.00","$1,987.14",19.479
20/11/2018,"$1,927.00","$1,982.88",19.8022
21/11/2018,"$1,945.00","$1,979.00",20.0258
22/11/2018,"$1,941.50","$1,987.08",20.3177
23/11/2018,"$1,922.50","$1,990.86",20.1329
26/11/2018,"$1,920.00","$1,987.14",19.9636
27/11/2018,"$1,925.00","$1,980.78",19.8609
28/11/2018,"$1,912.50","$1,967.90",19.8245
29/11/2018,"$1,933.00","$1,969.13",20.0438
30/11/2018,"$1,935.00","$1,954.32",20.3614
03/12/2018,"$1,982.50","$2,002.23",20.3179
04/12/2018,"$1,985.00","$2,015.37",20.5158
05/12/2018,"$1,966.50","$2,006.85",20.3979
06/12/2018,"$1,945.00","$1,985.52",20.3371
07/12/2018,"$1,962.00","$1,971.62",20.155
10/12/2018,"$1,951.00","$1,973.71",20.4123
11/12/2018,"$1,949.50","$1,978.61",20.2023
12/12/2018,"$1,928.00","$1,979.62",20.2984
13/12/2018,"$1,924.00","$1,984.71",20.3935
14/12/2018,"$1,908.00","$1,973.71",20.5304
17/12/2018,"$1,937.50","$1,978.53",20.4977
18/12/2018,"$1,940.00","$1,992.22",20.4108
19/12/2018,"$1,928.00","$1,986.42",20.2217
20/12/2018,"$1,923.50","$1,983.43",20.3455
21/12/2018,"$1,920.00","$1,985.21",20.2346
24/12/2018,"$1,898.50","$1,990.93",20.5123
27/12/2018,"$1,898.00","$1,997.55",20.5672
28/12/2018,"$1,881.00","$1,978.17",20.4705
02/01/2019,"$1,858.00","$1,958.21",20.2609
03/01/2019,"$1,825.50","$1,942.43",20.3621
04/01/2019,"$1,879.00","$1,943.03",20.2889
07/01/2019,"$1,858.00","$1,959.44",20.2566
08/01/2019,"$1,837.00","$1,954.33",20.3337
09/01/2019,"$1,842.00","$1,967.25",20.1126
10/01/2019,"$1,844.00","$1,976.77",20.1277
11/01/2019,"$1,816.00","$1,978.90",20.0293
14/01/2019,"$1,775.50","$1,967.36",19.9082
15/01/2019,"$1,810.50","$1,963.37",19.9275
16/01/2019,"$1,839.50","$1,975.80",19.8473
17/01/2019,"$1,804.00","$1,975.03",19.8823
18/01/2019,"$1,851.00","$1,975.76",19.6829
21/01/2019,"$1,842.50","$1,990.26",19.6566
22/01/2019,"$1,867.50","$1,974.34",19.6512
23/01/2019,"$1,877.50","$1,984.26",19.5878
24/01/2019,"$1,851.00","$1,997.39",19.6073
25/01/2019,"$1,866.50","$2,004.41",19.4902
28/01/2019,"$1,860.00","$2,006.63",19.3208
29/01/2019,"$1,853.00","$1,995.10",19.3479
30/01/2019,"$1,871.00","$2,006.43",19.2456
31/01/2019,"$1,880.50","$2,014.95",19.1714
01/02/2019,"$1,872.50","$1,995.51",19.1236
11/02/2019,"$1,848.00","$1,970.27",19.0064
12/02/2019,"$1,840.50","$1,973.27",19.0457
13/02/2019,"$1,840.00","$1,975.20",18.9908
14/02/2019,"$1,829.00","$1,976.96",19.063
15/02/2019,"$1,828.50","$1,972.08",19.0844
18/02/2019,"$1,822.50","$1,987.91",19.1902
19/02/2019,"$1,833.50","$1,984.08",19.1297
20/02/2019,"$1,829.50","$2,000.02",19.0771
21/02/2019,"$1,858.50","$2,011.78",18.9859
22/02/2019,"$1,890.50","$2,028.76",18.928
25/02/2019,"$1,886.00","$2,052.76",19.0381
26/02/2019,"$1,870.00","$2,048.52",18.9972
27/02/2019,"$1,898.50","$2,046.78",19.1623
28/02/2019,"$1,893.00","$2,043.92",19.0388
01/03/2019,"$1,890.50","$2,035.22",19.1098
04/03/2019,"$1,859.50","$2,042.79",19.0824
05/03/2019,"$1,868.50","$2,024.78",19.1058
06/03/2019,"$1,846.00","$2,019.08",19.08
07/03/2019,"$1,841.00","$2,007.92",19.0893
08/03/2019,"$1,848.00","$2,007.45",19.2524
11/03/2019,"$1,830.00","$2,006.10",19.2592
12/03/2019,"$1,851.00","$2,012.99",19.4084
13/03/2019,"$1,873.00","$2,025.52",19.3569
14/03/2019,"$1,873.50","$2,030.50",19.3625
15/03/2019,"$1,868.00","$2,031.74",19.2578
18/03/2019,"$1,879.00","$2,024.30",19.1778
19/03/2019,"$1,907.50","$2,036.83",19.1835
20/03/2019,"$1,923.00","$2,054.37",19.2652
21/03/2019,"$1,891.00","$2,058.21",19.1394
22/03/2019,"$1,867.00","$2,045.26",19.1185
25/03/2019,"$1,856.00","$2,036.83",19.163
26/03/2019,"$1,849.50","$2,031.00",19.2201
27/03/2019,"$1,898.50","$2,024.68",19.2607
28/03/2019,"$1,896.50","$2,030.85",19.2978
29/03/2019,"$1,900.00","$2,040.56",19.3039
01/04/2019,"$1,888.00","$2,056.95",19.2597
02/04/2019,"$1,858.00","$2,049.09",19.3708
03/04/2019,"$1,865.00","$2,052.48",19.5225
04/04/2019,"$1,872.00","$2,054.08",19.4902
08/04/2019,"$1,858.50","$2,057.80",19.4243
09/04/2019,"$1,851.00","$2,053.97",19.3049
10/04/2019,"$1,852.00","$2,061.52",19.332
11/04/2019,"$1,847.50","$2,057.90",19.3233
12/04/2019,"$1,843.50","$2,062.80",19.2176
15/04/2019,"$1,843.50","$2,065.14",19.0004
16/04/2019,"$1,839.00","$2,062.91",18.9098
17/04/2019,"$1,840.50","$2,084.03",18.8694
18/04/2019,"$1,839.00","$2,088.24",19.1369
23/04/2019,"$1,855.00","$2,110.80",19.0151
24/04/2019,"$1,854.00","$2,104.85",19.0989
25/04/2019,"$1,852.00","$2,109.57",19.3201
26/04/2019,"$1,832.00","$2,109.38",19.3793
29/04/2019,"$1,816.00","$2,104.25",19.3779
07/05/2019,"$1,767.00","$2,063.53",19.2169
08/05/2019,"$1,761.00","$2,066.55",19.2279
09/05/2019,"$1,766.50","$2,049.60",19.1805
10/05/2019,"$1,765.00","$2,066.38",19.1728
13/05/2019,"$1,765.50","$2,062.53",19.0805
14/05/2019,"$1,792.00","$2,065.41",18.9701
15/05/2019,"$1,802.00","$2,079.95",18.9229
16/05/2019,"$1,832.00","$2,085.06",18.836
17/05/2019,"$1,805.00","$2,074.30",18.8432
20/05/2019,"$1,786.00","$2,067.06",18.7719
21/05/2019,"$1,766.00","$2,064.85",18.8489
22/05/2019,"$1,747.00","$2,052.54",18.9516
23/05/2019,"$1,740.00","$2,041.72",18.848
24/05/2019,"$1,761.50","$2,054.68",18.8359
28/05/2019,"$1,773.00","$2,064.15",18.9578
29/05/2019,"$1,770.00","$2,056.21",19.0046
30/05/2019,"$1,762.00","$2,051.06",19.0942
31/05/2019,"$1,761.00","$2,048.92",18.9414
03/06/2019,"$1,763.50","$2,048.20",19.012
04/06/2019,"$1,751.50","$2,036.65",19.0099
05/06/2019,"$1,766.00","$2,035.21",19.1014
06/06/2019,"$1,742.50","$2,027.25",19.0012
10/06/2019,"$1,720.50","$2,013.71",18.9781
11/06/2019,"$1,754.50","$2,026.52",19.0499
12/06/2019,"$1,753.50","$2,025.17",19.0837
13/06/2019,"$1,756.00","$2,023.72",19.2623
14/06/2019,"$1,737.50","$2,015.10",19.1374
17/06/2019,"$1,719.50","$2,002.11",19.1928
18/06/2019,"$1,733.00","$1,997.52",19.1427
19/06/2019,"$1,746.50","$2,006.20",19.1236
20/06/2019,"$1,778.00","$2,025.82",19.071
21/06/2019,"$1,743.50","$2,012.99",19.1454
24/06/2019,"$1,747.50","$2,005.14",19.0908
25/06/2019,"$1,776.50","$2,016.04",19.0309
26/06/2019,"$1,803.00","$2,018.94",18.9755
27/06/2019,"$1,782.00","$2,021.06",19.0122
28/06/2019,"$1,773.50","$2,013.65",19.0658
01/07/2019,"$1,778.00","$2,010.50",19.0521
02/07/2019,"$1,755.50","$1,990.44",19.1652
03/07/2019,"$1,754.50","$1,983.35",19.2395
04/07/2019,"$1,771.50","$1,999.17",19.0683
05/07/2019,"$1,779.50","$2,001.73",19.6426
08/07/2019,"$1,783.00","$2,000.78",19.7609
09/07/2019,"$1,783.00","$1,995.85",19.6007
10/07/2019,"$1,811.50","$2,000.70",19.5418
11/07/2019,"$1,807.00","$2,016.63",19.7084
12/07/2019,"$1,799.50","$1,997.88",19.6528
15/07/2019,"$1,810.00","$2,010.16",19.204
16/07/2019,"$1,818.00","$2,015.24",19.1222
17/07/2019,"$1,819.00","$2,016.63",19.1383
18/07/2019,"$1,827.50","$2,013.86",19.1645
19/07/2019,"$1,833.00","$2,023.30",19.1487
22/07/2019,"$1,808.00","$2,021.12",19.1924
23/07/2019,"$1,795.00","$2,006.52",19.1011
24/07/2019,"$1,795.50","$2,004.26",19.1753
25/07/2019,"$1,795.50","$2,014.45",18.9804
26/07/2019,"$1,778.00","$2,021.79",19.0661
29/07/2019,"$1,774.50","$2,012.54",19.1833
30/07/2019,"$1,781.50","$2,019.73",19.2271
31/07/2019,"$1,776.50","$2,019.73",19.1442
01/08/2019,"$1,757.00","$2,008.31",19.1685
02/08/2019,"$1,749.00","$1,987.92",19.2087
05/08/2019,"$1,739.50","$1,959.00",19.076
06/08/2019,"$1,740.50","$1,975.12",19.0694
07/08/2019,"$1,728.00","$1,961.87",19.0502
08/08/2019,"$1,737.50","$1,964.61",18.9947
09/08/2019,"$1,746.00","$1,969.66",19.0446
12/08/2019,"$1,743.00","$1,987.34",18.9116
13/08/2019,"$1,731.00","$2,012.85",19.0043
14/08/2019,"$1,741.00","$2,014.97",19.2425
15/08/2019,"$1,742.50","$2,020.66",19.1227
16/08/2019,"$1,755.50","$2,018.53",19.0307
19/08/2019,"$1,762.50","$2,024.90",18.9803
20/08/2019,"$1,756.50","$2,036.21",19.0781
21/08/2019,"$1,751.00","$2,029.13",19.0233
22/08/2019,"$1,739.00","$2,024.10",19.0108
23/08/2019,"$1,746.00","$2,012.76",19.0123
27/08/2019,"$1,744.00","$1,988.60",19.0659
28/08/2019,"$1,724.00","$1,993.46",19.1315
29/08/2019,"$1,713.50","$1,994.97",19.0894
30/08/2019,"$1,712.50","$1,990.73",19.0623
02/09/2019,"$1,716.50","$1,992.03",19.0699
03/09/2019,"$1,714.50","$1,995.47",19.09
04/09/2019,"$1,734.50","$2,006.13",19.0747
05/09/2019,"$1,754.50","$2,007.57",18.9929
06/09/2019,"$1,761.50","$2,021.80",19.1627
09/09/2019,"$1,769.00","$2,023.87",19.3116
10/09/2019,"$1,776.00","$2,021.83",19.5731
11/09/2019,"$1,792.50","$2,021.80",19.6291
12/09/2019,"$1,774.00","$2,037.52",19.6953
16/09/2019,"$1,770.50","$2,030.53",19.5118
17/09/2019,"$1,746.50","$2,009.25",19.4283
18/09/2019,"$1,751.00","$2,010.68",19.5803
19/09/2019,"$1,762.50","$1,995.14",19.463
20/09/2019,"$1,766.00","$2,001.50",19.5763
23/09/2019,"$1,756.00","$1,995.08",19.6365
24/09/2019,"$1,751.50","$1,996.51",19.5669
25/09/2019,"$1,736.00","$1,983.13",19.8153
26/09/2019,"$1,724.00","$1,971.91",19.7522
27/09/2019,"$1,713.00","$1,961.39",19.6798
30/09/2019,"$1,703.50","$1,952.30",19.7467
08/10/2019,"$1,732.00","$1,955.80",19.8402
09/10/2019,"$1,729.00","$1,958.59",19.9086
10/10/2019,"$1,738.00","$1,952.95",19.9934
11/10/2019,"$1,721.00","$1,954.24",20.0314
14/10/2019,"$1,704.50","$1,945.66",20.0988
15/10/2019,"$1,702.00","$1,941.50",20.0696
16/10/2019,"$1,703.50","$1,944.42",20.1253
17/10/2019,"$1,726.00","$1,954.89",20.0039
18/10/2019,"$1,729.00","$1,957.03",19.7806
21/10/2019,"$1,735.50","$1,953.47",19.6834
22/10/2019,"$1,707.50","$1,947.11",19.5623
23/10/2019,"$1,712.00","$1,950.58",19.5398
24/10/2019,"$1,715.00","$1,953.44",19.5354
25/10/2019,"$1,710.50","$1,954.82",19.5478
28/10/2019,"$1,727.00","$1,956.24",19.4265
29/10/2019,"$1,737.50","$1,949.16",19.3665
30/10/2019,"$1,746.50","$1,959.71",19.4262
31/10/2019,"$1,742.50","$1,963.15",19.3528
01/11/2019,"$1,766.00","$1,966.66",19.3981
04/11/2019,"$1,787.00","$1,978.00",19.4478
05/11/2019,"$1,813.50","$1,989.98",19.4459
06/11/2019,"$1,817.50","$1,994.17",19.4587
07/11/2019,"$1,817.50","$1,997.60",19.5775
08/11/2019,"$1,827.50","$2,005.60",19.6363
11/11/2019,"$1,805.00","$1,991.41",19.6808
12/11/2019,"$1,765.50","$1,979.25",19.7345
13/11/2019,"$1,768.00","$1,965.83",19.7792
14/11/2019,"$1,756.00","$1,968.68",19.7985
15/11/2019,"$1,741.00","$1,972.11",19.7368
18/11/2019,"$1,744.00","$1,949.51",19.5255
19/11/2019,"$1,734.50","$1,956.63",19.5522
20/11/2019,"$1,748.00","$1,954.59",19.584
21/11/2019,"$1,753.00","$1,967.34",19.5689
22/11/2019,"$1,750.00","$1,965.28",19.4764
25/11/2019,"$1,753.00","$1,965.95",19.3217
26/11/2019,"$1,750.50","$1,956.01",19.2652
27/11/2019,"$1,770.50","$1,953.12",19.252
28/11/2019,"$1,765.00","$1,956.01",19.2135
29/11/2019,"$1,785.50","$1,965.92",19.1602
02/12/2019,"$1,789.50","$1,973.09",19.1492
03/12/2019,"$1,802.00","$1,975.32",19.1422
04/12/2019,"$1,771.00","$1,978.11",19.105
05/12/2019,"$1,756.00","$1,978.09",19.1258
06/12/2019,"$1,750.50","$1,971.64",19.0878
09/12/2019,"$1,766.00","$1,972.35",19.082
10/12/2019,"$1,750.00","$1,983.72",19.0543
11/12/2019,"$1,751.50","$1,989.40",19.1167
12/12/2019,"$1,755.00","$1,999.82",19.1643
13/12/2019,"$1,763.50","$1,988.42",19.1948
16/12/2019,"$1,763.00","$1,990.56",19.1058
17/12/2019,"$1,754.00","$1,996.31",19.1525
18/12/2019,"$1,758.00","$2,006.36",19.2125
19/12/2019,"$1,765.50","$2,018.50",19.1953
20/12/2019,"$1,770.50","$2,025.63",19.1327
23/12/2019,"$1,771.50","$2,024.92",19.1068
24/12/2019,"$1,790.50","$2,027.77",19.109
27/12/2019,"$1,789.00","$2,009.17",19.2178
30/12/2019,"$1,791.00","$2,016.99",19.4543
31/12/2019,"$1,800.00","$2,023.32",19.4228
02/01/2020,"$1,772.00","$2,026.20",19.2063
03/01/2020,"$1,758.00","$2,012.55",19.3687
06/01/2020,"$1,791.00","$2,020.53",19.48
07/01/2020,"$1,794.00","$2,027.52",19.4138
08/01/2020,"$1,771.50","$2,028.27",19.3987
09/01/2020,"$1,771.00","$2,032.50",19.4468
10/01/2020,"$1,771.50","$2,042.51",19.5185
13/01/2020,"$1,766.50","$2,030.73",19.5607
14/01/2020,"$1,767.50","$2,026.94",19.6113
15/01/2020,"$1,778.50","$2,024.15",19.5352
16/01/2020,"$1,794.00","$2,049.46",19.5717
17/01/2020,"$1,796.00","$2,082.02",19.5678
20/01/2020,"$1,807.00","$2,073.34",19.4707
21/01/2020,"$1,810.50","$2,051.82",19.3688
22/01/2020,"$1,807.50","$2,044.61",19.3247
23/01/2020,"$1,781.50","$2,036.83",19.2302
03/02/2020,"$1,694.50","$1,944.47",19.2362
04/02/2020,"$1,687.00","$1,941.30",19.1785
05/02/2020,"$1,688.00","$1,952.39",19.0455
06/02/2020,"$1,698.00","$1,958.84",18.9702
07/02/2020,"$1,693.50","$1,956.36",18.9165
10/02/2020,"$1,676.00","$1,963.33",18.9542
11/02/2020,"$1,689.50","$1,973.13",18.964
12/02/2020,"$1,707.00","$1,973.90",18.9133
13/02/2020,"$1,701.50","$1,966.08",18.9385
14/02/2020,"$1,704.50","$1,960.47",18.9643
17/02/2020,"$1,678.50","$1,958.98",18.9445
18/02/2020,"$1,681.00","$1,959.16",18.8452
19/02/2020,"$1,686.00","$1,958.44",18.8727
20/02/2020,"$1,687.00","$1,947.32",18.8642
21/02/2020,"$1,677.00","$1,936.70",18.8817
24/02/2020,"$1,672.50","$1,920.41",18.8673
25/02/2020,"$1,685.00","$1,925.10",18.827
26/02/2020,"$1,676.50","$1,923.82",18.8852
27/02/2020,"$1,671.00","$1,919.32",18.798
28/02/2020,"$1,663.00","$1,893.32",18.8453
02/03/2020,"$1,684.50","$1,897.67",18.7732
03/03/2020,"$1,706.00","$1,909.16",18.8215
04/03/2020,"$1,723.50","$1,908.37",18.812
05/03/2020,"$1,715.00","$1,906.44",18.8077
06/03/2020,"$1,687.00","$1,899.11",18.793
09/03/2020,"$1,643.50","$1,858.47",18.7388
10/03/2020,"$1,689.00","$1,863.79",18.6725
11/03/2020,"$1,670.50","$1,862.35",18.7007
12/03/2020,"$1,643.00","$1,829.40",18.6883
13/03/2020,"$1,677.00","$1,834.55",18.8018
16/03/2020,"$1,640.50","$1,841.13",18.8313
17/03/2020,"$1,628.00","$1,818.71",18.9407
18/03/2020,"$1,602.50","$1,770.91",18.8022
19/03/2020,"$1,581.00","$1,678.76",18.7067
20/03/2020,"$1,580.50","$1,686.57",18.7853
23/03/2020,"$1,536.00","$1,602.74",18.9082
24/03/2020,"$1,532.50","$1,613.81",18.6797
25/03/2020,"$1,507.50","$1,619.97",18.6245
26/03/2020,"$1,507.50","$1,646.85",18.6645
27/03/2020,"$1,506.00","$1,646.42",18.7763
30/03/2020,"$1,495.00","$1,627.65",18.7653
31/03/2020,"$1,489.00","$1,635.80",18.674
01/04/2020,"$1,463.50","$1,624.83",18.6308
02/04/2020,"$1,448.50","$1,602.19",18.6458
03/04/2020,"$1,452.00","$1,624.58",18.5712
07/04/2020,"$1,455.50","$1,651.01",18.5715
08/04/2020,"$1,421.50","$1,637.41",18.5952
09/04/2020,"$1,428.50","$1,652.88",18.591
14/04/2020,"$1,456.00","$1,668.99",18.7992
15/04/2020,"$1,469.50","$1,685.27",18.9138
16/04/2020,"$1,476.00","$1,697.22",19.1197
17/04/2020,"$1,482.50","$1,731.63",19.0878
20/04/2020,"$1,451.50","$1,745.06",19.1585
21/04/2020,"$1,443.50","$1,711.04",19.3973
22/04/2020,"$1,461.50","$1,712.25",19.776
23/04/2020,"$1,473.50","$1,741.87",19.6985
24/04/2020,"$1,473.00","$1,733.94",19.2837
27/04/2020,"$1,472.50","$1,744.17",19.5335
28/04/2020,"$1,465.00","$1,759.35",19.8095
29/04/2020,"$1,464.00","$1,778.26",20.1623
30/04/2020,"$1,460.50","$1,778.50",21.1117
06/05/2020,"$1,443.00","$1,786.89",21.0267
07/05/2020,"$1,450.00","$1,787.03",21.213
11/05/2020,"$1,454.50","$1,760.70",22.1518
12/05/2020,"$1,443.00","$1,766.41",21.9288
13/05/2020,"$1,439.00","$1,748.40",23.0573
14/05/2020,"$1,433.50","$1,759.14",23.9008
15/05/2020,"$1,432.50","$1,768.45",24.0868
18/05/2020,"$1,441.50","$1,783.51",24.1113
19/05/2020,"$1,464.00","$1,812.80",25.0782
20/05/2020,"$1,454.00","$1,814.67",25.1185
21/05/2020,"$1,487.00","$1,804.72",24.2948
22/05/2020,"$1,473.00","$1,794.56",23.097
26/05/2020,"$1,486.00","$1,807.99",23.5122
27/05/2020,"$1,504.00","$1,807.32",24.2853
28/05/2020,"$1,500.50","$1,833.39",23.4847
29/05/2020,"$1,515.00","$1,843.02",24.4918
01/06/2020,"$1,511.50","$1,845.73",24.1087
02/06/2020,"$1,499.50","$1,842.37",24.6938
03/06/2020,"$1,526.00","$1,839.24",24.6895
04/06/2020,"$1,535.00","$1,851.70",24.0388
05/06/2020,"$1,553.50","$1,857.49",24.0925
08/06/2020,"$1,569.50","$1,885.57",23.7427
09/06/2020,"$1,565.50","$1,913.91",23.5645
10/06/2020,"$1,613.50","$1,928.59",24.1155
11/06/2020,"$1,582.00","$1,935.01",24.2098
12/06/2020,"$1,560.00","$1,914.73",23.9012
15/06/2020,"$1,546.00","$1,919.01",24.0077
16/06/2020,"$1,573.50","$1,942.95",24.4248
17/06/2020,"$1,577.50","$1,958.47",24.5883
18/06/2020,"$1,586.50","$1,942.98",24.623
19/06/2020,"$1,578.00","$1,942.84",24.8583
22/06/2020,"$1,573.00","$1,950.58",24.8492
23/06/2020,"$1,577.50","$1,936.38",24.3882
24/06/2020,"$1,564.00","$1,925.21",24.0002
29/06/2020,"$1,589.00","$1,937.97",23.9283
30/06/2020,"$1,602.00","$1,952.70",24.3812
01/07/2020,"$1,593.50","$1,970.41",23.8343
02/07/2020,"$1,601.50","$1,978.17",24.2942
03/07/2020,"$1,581.50","$1,980.29",24.0563
06/07/2020,"$1,593.00","$2,004.28",23.6805
07/07/2020,"$1,596.50","$2,011.39",23.8693
08/07/2020,"$1,619.00","$2,006.34",24.0487
09/07/2020,"$1,659.50","$2,031.32",24.2113
10/07/2020,"$1,639.50","$2,046.32",24.2708
13/07/2020,"$1,664.50","$2,093.49",23.958
14/07/2020,"$1,640.00","$2,080.57",23.6032
15/07/2020,"$1,651.00","$2,072.80",23.6023
16/07/2020,"$1,627.00","$2,031.30",23.2962
17/07/2020,"$1,618.00","$2,016.30",22.96
20/07/2020,"$1,621.00","$2,039.17",22.7928
21/07/2020,"$1,646.50","$2,039.88",22.563
22/07/2020,"$1,651.00","$2,054.89",22.2932
23/07/2020,"$1,661.00","$2,051.32",22.3633
24/07/2020,"$1,654.50","$2,054.85",22.204
27/07/2020,"$1,661.50","$2,063.48",22.1778
28/07/2020,"$1,671.00","$2,041.33",22.0168
29/07/2020,"$1,687.00","$2,064.89",21.6827
30/07/2020,"$1,681.50","$2,094.12",21.6043
31/07/2020,"$1,685.50","$2,105.11",21.8388
03/08/2020,"$1,679.50","$2,090.00",21.5837
04/08/2020,"$1,709.50","$2,111.57",21.6552
05/08/2020,"$1,739.00","$2,121.15",21.7252
06/08/2020,"$1,722.00","$2,091.57",21.923
07/08/2020,"$1,744.00","$2,079.32",22.4252
10/08/2020,"$1,730.00","$2,075.02",22.3347
11/08/2020,"$1,749.50","$2,058.49",22.5435
12/08/2020,"$1,754.00","$2,052.70",22.2168
13/08/2020,"$1,738.00","$2,067.84",22.2783
14/08/2020,"$1,730.00","$2,067.12",22.6088
17/08/2020,"$1,719.50","$2,067.11",22.63
18/08/2020,"$1,733.00","$2,084.41",22.4413
19/08/2020,"$1,746.50","$2,103.20",22.413
20/08/2020,"$1,755.50","$2,127.07",22.6662
21/08/2020,"$1,722.50","$2,141.49",22.7963
24/08/2020,"$1,735.50","$2,118.37",22.9715
25/08/2020,"$1,733.00","$2,122.01",23.1325
26/08/2020,"$1,737.00","$2,132.99",23.0893
27/08/2020,"$1,738.00","$2,116.28",22.8078
28/08/2020,"$1,762.00","$2,118.48",22.5225
01/09/2020,"$1,781.50","$2,133.05",22.4147
02/09/2020,"$1,778.50","$2,113.32",22.2808
03/09/2020,"$1,743.50","$2,100.21",22.6213
04/09/2020,"$1,753.00","$2,087.04",22.8225
07/09/2020,"$1,763.00","$2,113.28",22.6945
08/09/2020,"$1,744.00","$2,116.27",22.5342
09/09/2020,"$1,740.00","$2,103.79",22.4633
10/09/2020,"$1,743.50","$2,102.33",22.6173
11/09/2020,"$1,746.50","$2,108.18",22.3647
14/09/2020,"$1,749.00","$2,116.12",22.3032
15/09/2020,"$1,767.00","$2,138.04",22.4897
16/09/2020,"$1,759.00","$2,152.66",22.6278
17/09/2020,"$1,743.50","$2,144.60",22.3597
18/09/2020,"$1,745.00","$2,153.47",22.251
21/09/2020,"$1,752.50","$2,152.82",22.3627
22/09/2020,"$1,744.00","$2,152.03",22.3842
23/09/2020,"$1,718.50","$2,124.20",22.0275
24/09/2020,"$1,697.00","$2,056.19",21.9615
25/09/2020,"$1,708.50","$2,040.01",21.9907
28/09/2020,"$1,737.00","$2,051.53",22.1727
29/09/2020,"$1,746.00","$2,083.14",22.2012
30/09/2020,"$1,737.00","$2,090.24",22.614
09/10/2020,"$1,805.50","$2,149.92",22.7845
12/10/2020,"$1,829.50","$2,147.42",22.4068
13/10/2020,"$1,841.00","$2,165.20",22.3652
14/10/2020,"$1,836.00","$2,180.64",22.4892
15/10/2020,"$1,824.00","$2,178.48",22.485
16/10/2020,"$1,865.50","$2,190.98",22.349
19/10/2020,"$1,848.00","$2,219.32",22.3457
20/10/2020,"$1,826.00","$2,211.07",22.2628
21/10/2020,"$1,842.50","$2,212.42",22.0313
22/10/2020,"$1,828.00","$2,206.62",22.057
23/10/2020,"$1,829.00","$2,200.64",22.1535
26/10/2020,"$1,822.50","$2,197.75",22.0527
27/10/2020,"$1,808.00","$2,199.97",22.176
28/10/2020,"$1,801.00","$2,172.53",22.0362
29/10/2020,"$1,786.00","$2,138.20",21.984
30/10/2020,"$1,820.50","$2,151.36",21.9723
02/11/2020,"$1,834.50","$2,190.95",21.9202
03/11/2020,"$1,891.00","$2,216.31",22.1168
04/11/2020,"$1,877.00","$2,220.71",21.8602
05/11/2020,"$1,885.50","$2,237.73",21.888
06/11/2020,"$1,891.50","$2,240.03",21.7445
09/11/2020,"$1,913.00","$2,247.67",21.8393
10/11/2020,"$1,880.00","$2,258.19",21.6383
11/11/2020,"$1,905.00","$2,268.79",21.6115
12/11/2020,"$1,904.50","$2,307.31",21.5887
13/11/2020,"$1,918.00","$2,336.07",21.7138
16/11/2020,"$1,933.00","$2,348.35",21.5377
17/11/2020,"$1,944.50","$2,345.45",21.2773
18/11/2020,"$1,978.00","$2,375.92",21.321
19/11/2020,"$1,983.00","$2,399.20",21.0728
20/11/2020,"$1,984.00","$2,408.62",21.0692
23/11/2020,"$1,969.50","$2,411.34",20.985
24/11/2020,"$1,964.50","$2,396.86",20.9697
25/11/2020,"$1,967.00","$2,425.84",21.505
26/11/2020,"$1,961.50","$2,428.20",21.5682
27/11/2020,"$1,975.00","$2,434.28",22.0897
30/11/2020,"$2,014.50","$2,481.29",22.3678
01/12/2020,"$2,045.50","$2,530.18",22.4402
02/12/2020,"$2,051.50","$2,563.37",22.4573
03/12/2020,"$2,028.00","$2,518.91",22.3598
04/12/2020,"$2,027.50","$2,477.16",22.1438
07/12/2020,"$2,004.00","$2,485.58",21.9562
08/12/2020,"$1,986.00","$2,468.66",21.7025
09/12/2020,"$2,010.00","$2,443.27",21.396
10/12/2020,"$2,031.00","$2,476.03",21.4507
11/12/2020,"$2,022.00","$2,501.99",21.493
14/12/2020,"$2,042.50","$2,483.57",21.4318
15/12/2020,"$2,022.00","$2,488.45",21.1822
16/12/2020,"$2,029.00","$2,498.59",21.2183
17/12/2020,"$2,028.00","$2,519.15",21.3677
18/12/2020,"$2,049.00","$2,548.84",21.2998
21/12/2020,"$2,012.50","$2,506.46",21.3832
22/12/2020,"$1,993.00","$2,458.55",21.1765
23/12/2020,"$1,999.00","$2,427.29",21.1342
24/12/2020,"$2,022.00","$2,427.40",21.0902
29/12/2020,"$2,000.00","$2,369.22",21.064
30/12/2020,"$1,995.50","$2,370.77",21.03
31/12/2020,"$1,978.00","$2,370.77",20.9205
04/01/2021,"$2,013.50","$2,366.91",20.9818
05/01/2021,"$2,027.50","$2,393.98",20.8798
06/01/2021,"$2,062.50","$2,381.61",21.1648
07/01/2021,"$2,008.00","$2,363.09",21.377
08/01/2021,"$2,029.50","$2,380.85",21.2508
11/01/2021,"$2,008.00","$2,339.19",21.1555
12/01/2021,"$2,025.50","$2,308.12",21.0345
13/01/2021,"$2,009.50","$2,296.58",20.7612
14/01/2021,"$2,010.50","$2,272.77",20.62
15/01/2021,"$2,000.50","$2,292.90",20.36
18/01/2021,"$1,979.50","$2,299.22",20.4018
19/01/2021,"$1,951.50","$2,287.50",20.5772
20/01/2021,"$1,976.00","$2,276.49",20.5303
21/01/2021,"$1,992.50","$2,303.48",20.4833
22/01/2021,"$1,975.50","$2,309.87",20.3212
25/01/2021,"$2,011.50","$2,308.33",20.2388
26/01/2021,"$2,025.00","$2,300.45",20.1858
27/01/2021,"$2,003.50","$2,293.73",20.1172
28/01/2021,"$1,979.00","$2,295.55",20.1012
29/01/2021,"$1,987.00","$2,321.62",20.0577
01/02/2021,"$1,985.50","$2,349.92",20.0465
02/02/2021,"$1,958.00","$2,336.71",20.0467
03/02/2021,"$1,973.00","$2,318.18",20.0777
04/02/2021,"$1,979.50","$2,344.54",20.1398
05/02/2021,"$2,007.50","$2,389.34",20.0508
08/02/2021,"$2,025.50","$2,429.63",20.0497
09/02/2021,"$2,045.50","$2,463.09",19.9083
10/02/2021,"$2,070.50","$2,455.13",19.7838
18/02/2021,"$2,147.00","$2,519.54",19.8213
19/02/2021,"$2,135.00","$2,558.84",19.7537
22/02/2021,"$2,153.50","$2,580.27",19.8368
23/02/2021,"$2,136.50","$2,583.37",19.9572
24/02/2021,"$2,145.50","$2,577.54",20.1075
25/02/2021,"$2,223.00","$2,668.93",20.1778
26/02/2021,"$2,202.50","$2,686.56",20.1113
01/03/2021,"$2,154.50","$2,641.34",19.9513
02/03/2021,"$2,176.00","$2,616.46",19.8173
03/03/2021,"$2,203.00","$2,692.36",19.9487
04/03/2021,"$2,169.00","$2,709.93",20.0905
05/03/2021,"$2,185.00","$2,651.70",20.0562
08/03/2021,"$2,152.50","$2,659.55",20.1175
09/03/2021,"$2,141.00","$2,642.87",19.8517
10/03/2021,"$2,149.50","$2,626.73",20.0477
11/03/2021,"$2,159.00","$2,672.67",19.9487
12/03/2021,"$2,139.00","$2,668.03",19.9352
15/03/2021,"$2,184.50","$2,696.11",19.9087
16/03/2021,"$2,174.50","$2,733.55",19.8457
17/03/2021,"$2,202.50","$2,708.19",19.9437
18/03/2021,"$2,192.00","$2,718.95",19.725
19/03/2021,"$2,188.00","$2,674.18",19.91
22/03/2021,"$2,254.00","$2,693.38",19.9705
23/03/2021,"$2,205.00","$2,632.34",20.113
24/03/2021,"$2,220.50","$2,613.59",19.9373
25/03/2021,"$2,208.00","$2,620.33",19.7935
26/03/2021,"$2,260.50","$2,635.23",19.7793
29/03/2021,"$2,255.50","$2,655.89",19.7875
30/03/2021,"$2,220.50","$2,646.00",19.757
31/03/2021,"$2,212.50","$2,622.43",19.6788
01/04/2021,"$2,212.50","$2,631.74",19.5793
06/04/2021,"$2,247.00","$2,681.87",19.7393
07/04/2021,"$2,239.50","$2,670.94",19.9833
08/04/2021,"$2,267.50","$2,668.97",20.1598
09/04/2021,"$2,250.00","$2,672.03",20.0152
12/04/2021,"$2,254.00","$2,657.53",20.2168
13/04/2021,"$2,278.00","$2,685.46",20.2697
14/04/2021,"$2,297.50","$2,729.01",20.2248
15/04/2021,"$2,328.00","$2,771.66",20.1722
16/04/2021,"$2,308.50","$2,791.59",20.1953
19/04/2021,"$2,331.00","$2,776.32",20.4435
20/04/2021,"$2,324.00","$2,789.16",20.1388
21/04/2021,"$2,344.00","$2,772.00",20.1227
22/04/2021,"$2,373.50","$2,798.95",20.0913
23/04/2021,"$2,373.50","$2,809.44",20.0588
26/04/2021,"$2,388.00","$2,828.80",19.9535
27/04/2021,"$2,389.00","$2,856.56",19.9622
28/04/2021,"$2,392.50","$2,844.52",19.9518
29/04/2021,"$2,432.00","$2,895.33",20.2023
30/04/2021,"$2,445.00","$2,917.73",20.2257
06/05/2021,"$2,476.50","$2,982.23",20.4165
07/05/2021,"$2,518.50","$3,060.60",20.4222
10/05/2021,"$2,565.00","$3,130.02",20.6783
11/05/2021,"$2,549.50","$3,099.89",20.5833
12/05/2021,"$2,474.00","$3,087.93",20.4752
13/05/2021,"$2,422.50","$3,055.83",20.8523
14/05/2021,"$2,438.00","$3,017.48",20.939
17/05/2021,"$2,455.00","$3,047.76",20.6123
18/05/2021,"$2,468.00","$3,071.54",20.6903
19/05/2021,"$2,402.50","$3,031.08",20.8957
20/05/2021,"$2,392.00","$2,961.15",20.8498
21/05/2021,"$2,403.00","$2,916.08",21.2635
24/05/2021,"$2,305.00","$2,867.22",21.4177
25/05/2021,"$2,341.00","$2,859.48",21.2575
26/05/2021,"$2,359.50","$2,861.34",20.9853
27/05/2021,"$2,388.00","$2,881.44",20.7133
28/05/2021,"$2,404.50","$2,940.61",20.7637
01/06/2021,"$2,461.50","$2,937.82",20.5753
02/06/2021,"$2,442.00","$2,927.16",20.6828
03/06/2021,"$2,386.50","$2,892.82",20.4415
04/06/2021,"$2,412.50","$2,860.29",20.4823
07/06/2021,"$2,417.50","$2,885.30",20.5788
08/06/2021,"$2,439.00","$2,868.61",20.6408
09/06/2021,"$2,459.00","$2,875.69",20.7882
10/06/2021,"$2,470.00","$2,894.96",20.7662
11/06/2021,"$2,490.00","$2,942.03",20.5677
15/06/2021,"$2,458.50","$2,955.75",20.6047
16/06/2021,"$2,454.50","$2,928.28",20.6025
17/06/2021,"$2,427.50","$2,904.25",20.44
18/06/2021,"$2,374.00","$2,861.00",20.2483
21/06/2021,"$2,353.50","$2,834.59",20.1612
22/06/2021,"$2,375.50","$2,854.55",20.1765
23/06/2021,"$2,386.50","$2,891.91",20.089
24/06/2021,"$2,397.50","$2,896.10",20.163
25/06/2021,"$2,451.00","$2,914.11",20.095
28/06/2021,"$2,458.00","$2,931.48",20.0735
29/06/2021,"$2,518.50","$2,916.87",20.0583
30/06/2021,"$2,523.00","$2,916.77",19.927
01/07/2021,"$2,481.00","$2,901.84",19.9158
02/07/2021,"$2,519.50","$2,889.15",19.8145
05/07/2021,"$2,539.50","$2,952.45",19.8877
06/07/2021,"$2,529.50","$2,954.47",19.874
07/07/2021,"$2,508.50","$2,919.28",19.8865
08/07/2021,"$2,435.00","$2,899.39",19.8695
09/07/2021,"$2,470.00","$2,900.84",19.8362
12/07/2021,"$2,449.00","$2,946.72",19.9785
13/07/2021,"$2,478.00","$2,965.23",19.9712
14/07/2021,"$2,509.00","$2,977.60",20.0978
15/07/2021,"$2,495.00","$2,992.67",20.1822
16/07/2021,"$2,493.00","$3,008.08",20.1902
19/07/2021,"$2,425.00","$2,982.98",20.2235
20/07/2021,"$2,424.50","$2,936.74",20.2077
21/07/2021,"$2,432.00","$2,941.27",20.1838
22/07/2021,"$2,449.00","$2,952.50",19.9223
23/07/2021,"$2,492.00","$2,982.62",19.886
26/07/2021,"$2,499.50","$3,016.15",19.8848
27/07/2021,"$2,497.50","$3,014.40",20.094
28/07/2021,"$2,516.00","$2,998.02",20.0495
29/07/2021,"$2,556.50","$3,031.39",19.8487
30/07/2021,"$2,624.00","$3,081.29",19.8028
02/08/2021,"$2,635.00","$3,087.81",19.8313
03/08/2021,"$2,595.50","$3,065.28",19.8143
04/08/2021,"$2,575.50","$3,053.35",19.881
05/08/2021,"$2,583.50","$3,051.88",19.951
06/08/2021,"$2,618.50","$3,064.73",19.872
09/08/2021,"$2,547.00","$3,071.66",19.8903
10/08/2021,"$2,579.00","$3,062.41",19.8783
11/08/2021,"$2,578.00","$3,103.74",19.9487
12/08/2021,"$2,602.00","$3,102.97",19.9442
13/08/2021,"$2,602.50","$3,091.86",19.9213
16/08/2021,"$2,644.00","$3,125.83",19.8927
17/08/2021,"$2,633.00","$3,137.97",19.9277
18/08/2021,"$2,589.50","$3,129.49",20.0605
19/08/2021,"$2,544.00","$3,084.62",19.9328
20/08/2021,"$2,569.00","$3,072.16",19.797
23/08/2021,"$2,609.00","$3,133.06",19.7728
24/08/2021,"$2,648.50","$3,153.35",19.6897
25/08/2021,"$2,647.50","$3,179.10",19.7002
26/08/2021,"$2,635.00","$3,167.01",19.8823
27/08/2021,"$2,673.50","$3,195.83",19.9065
31/08/2021,"$2,714.00","$3,301.11",20.1235
01/09/2021,"$2,667.50","$3,277.12",20.0588
02/09/2021,"$2,694.50","$3,283.88",20.4292
03/09/2021,"$2,696.00","$3,300.73",20.7002
06/09/2021,"$2,745.50","$3,346.93",20.6
07/09/2021,"$2,740.50","$3,359.46",20.5712
08/09/2021,"$2,775.00","$3,377.10",20.2505
09/09/2021,"$2,817.00","$3,442.75",20.0483
10/09/2021,"$2,896.50","$3,510.62",19.793
13/09/2021,"$2,950.00","$3,622.35",19.8027
14/09/2021,"$2,847.00","$3,537.73",19.8157
15/09/2021,"$2,868.00","$3,462.31",19.9062
16/09/2021,"$2,869.00","$3,509.32",20.0368
17/09/2021,"$2,915.00","$3,497.05",19.8817
22/09/2021,"$2,887.00","$3,541.11",19.8532
23/09/2021,"$2,937.00","$3,617.68",19.9658
24/09/2021,"$2,905.50","$3,585.17",19.9915
27/09/2021,"$2,888.00","$3,554.21",20.007
28/09/2021,"$2,899.00","$3,503.12",19.88
29/09/2021,"$2,913.00","$3,538.05",19.8577
30/09/2021,"$2,851.00","$3,520.77",19.9988
08/10/2021,"$2,902.00","$3,557.96",19.8992
11/10/2021,"$3,020.00","$3,570.43",19.9412
12/10/2021,"$3,052.00","$3,630.89",19.8537
13/10/2021,"$3,076.00","$3,686.91",20
14/10/2021,"$3,152.00","$3,640.99",20.1348
15/10/2021,"$3,163.00","$3,693.81",20.1907
18/10/2021,"$3,180.00","$3,780.21",20.1812
19/10/2021,"$3,176.00","$3,812.51",20.0238
20/10/2021,"$3,065.00","$3,658.20",20.0245
21/10/2021,"$3,014.00","$3,639.43",19.977
22/10/2021,"$2,946.00","$3,446.77",19.9535
25/10/2021,"$2,917.00","$3,364.55",19.8448
26/10/2021,"$2,831.00","$3,305.83",19.8455
27/10/2021,"$2,704.00","$3,249.99",19.852
28/10/2021,"$2,721.00","$3,082.64",19.892
29/10/2021,"$2,695.00","$3,158.68",19.9547
01/11/2021,"$2,713.00","$3,133.82",19.9293
02/11/2021,"$2,680.00","$3,129.47",20.0037
03/11/2021,"$2,706.00","$3,138.39",20.0648
04/11/2021,"$2,643.00","$3,119.75",20.1038
05/11/2021,"$2,490.50","$2,959.54",19.953
08/11/2021,"$2,530.50","$2,964.56",19.8907
09/11/2021,"$2,582.00","$2,978.64",19.8603
10/11/2021,"$2,554.00","$2,937.51",19.8863
11/11/2021,"$2,645.50","$2,988.37",19.9912
12/11/2021,"$2,676.00","$3,054.08",20.0107
15/11/2021,"$2,678.00","$3,045.87",20.1175
16/11/2021,"$2,628.50","$2,970.04",20.402
17/11/2021,"$2,628.00","$2,907.07",20.3907
18/11/2021,"$2,607.50","$2,909.63",20.2967
19/11/2021,"$2,661.00","$2,935.16",20.2933
22/11/2021,"$2,653.50","$2,998.89",20.3522
23/11/2021,"$2,691.00","$3,000.53",20.2293
24/11/2021,"$2,699.00","$3,004.44",20.1403
25/11/2021,"$2,740.50","$3,042.74",20.0605
26/11/2021,"$2,618.50","$3,015.39",19.9615
29/11/2021,"$2,650.00","$2,953.16",19.9703
30/11/2021,"$2,635.00","$2,984.11",19.8992
01/12/2021,"$2,669.50","$2,983.00",19.8878
02/12/2021,"$2,655.00","$2,961.95",19.944
03/12/2021,"$2,648.00","$2,947.06",19.9383
06/12/2021,"$2,600.50","$2,961.17",19.9318
07/12/2021,"$2,625.00","$2,944.54",19.8717
08/12/2021,"$2,626.00","$2,971.55",19.8677
09/12/2021,"$2,630.50","$2,947.84",19.9035
10/12/2021,"$2,625.00","$2,954.43",19.9003
13/12/2021,"$2,677.00","$2,966.52",19.9853
14/12/2021,"$2,636.00","$3,017.54",20.1735
15/12/2021,"$2,597.00","$2,999.49",20.1438
16/12/2021,"$2,630.00","$2,992.42",20.0328
17/12/2021,"$2,694.00","$3,055.25",20.028
20/12/2021,"$2,645.50","$3,090.53",20.1118
21/12/2021,"$2,696.00","$3,066.61",20.1052
22/12/2021,"$2,811.00","$3,111.74",20.306
23/12/2021,"$2,818.00","$3,181.61",20.4977
24/12/2021,"$2,848.00","$3,165.12",20.5623
29/12/2021,"$2,835.00","$3,119.59",20.5103
30/12/2021,"$2,829.50","$3,178.34",20.5747
31/12/2021,"$2,806.00","$3,210.02",20.5818
04/01/2022,"$2,815.50","$3,176.44",20.6947
05/01/2022,"$2,866.00","$3,186.77",20.604
06/01/2022,"$2,912.50","$3,233.79",20.7293
07/01/2022,"$2,919.50","$3,292.80",20.8017
10/01/2022,"$2,923.00","$3,305.34",20.7767
11/01/2022,"$2,950.00","$3,356.09",20.6827
12/01/2022,"$3,003.00","$3,405.55",20.6075
13/01/2022,"$2,960.00","$3,393.16",20.4672
14/01/2022,"$2,977.50","$3,341.60",20.3587
17/01/2022,"$3,009.00","$3,318.53",20.2647
18/01/2022,"$3,006.00","$3,329.80",20.185
19/01/2022,"$3,036.00","$3,384.46",20.2643
20/01/2022,"$3,109.50","$3,388.97",20.1837
21/01/2022,"$3,079.50","$3,394.49",20.1897
24/01/2022,"$3,044.50","$3,347.48",20.1888
25/01/2022,"$3,064.00","$3,340.65",20.193
26/01/2022,"$3,093.00","$3,395.76",20.3255
27/01/2022,"$3,107.00","$3,374.92",20.5297
28/01/2022,"$3,110.00","$3,401.02",20.8598
07/02/2022,"$3,148.00","$3,482.91",20.8352
08/02/2022,"$3,245.00","$3,508.04",20.6242
09/02/2022,"$3,248.00","$3,582.67",20.3925
10/02/2022,"$3,313.00","$3,655.65",20.3265
11/02/2022,"$3,200.00","$3,615.48",20.2833
14/02/2022,"$3,306.00","$3,545.54",20.4702
15/02/2022,"$3,223.00","$3,559.29",20.4652
16/02/2022,"$3,282.00","$3,551.40",20.5072
17/02/2022,"$3,294.00","$3,576.54",20.8092
18/02/2022,"$3,314.00","$3,595.19",20.6912
21/02/2022,"$3,315.00","$3,566.28",20.7628
22/02/2022,"$3,420.00","$3,616.54",20.8283
23/02/2022,"$3,323.50","$3,623.49",20.9632
24/02/2022,"$3,519.00","$3,608.72",21.2107
25/02/2022,"$3,355.50","$3,614.78",21.4357
28/02/2022,"$3,450.00","$3,587.65",21.5462
01/03/2022,"$3,495.50","$3,587.76",21.8185
02/03/2022,"$3,605.00","$3,626.74",21.7333
03/03/2022,"$3,728.50","$3,719.28",21.4453
04/03/2022,"$3,851.00","$3,739.06",21.271
07/03/2022,"$3,984.50","$3,769.91",21.3033
08/03/2022,"$3,500.50","$3,652.84",21.4177
09/03/2022,"$3,532.00","$3,473.10",21.2047
10/03/2022,"$3,535.00","$3,398.93",21.0907
11/03/2022,"$3,472.00","$3,457.57",20.933
14/03/2022,"$3,399.00","$3,439.09",21.0328
15/03/2022,"$3,217.50","$3,408.65",20.8922
16/03/2022,"$3,306.00","$3,412.43",20.9383
17/03/2022,"$3,288.00","$3,478.39",21.165
18/03/2022,"$3,380.50","$3,551.15",21.2393
21/03/2022,"$3,518.00","$3,621.83",20.9238
22/03/2022,"$3,550.50","$3,616.44",20.7337
23/03/2022,"$3,560.00","$3,605.56",20.7363
24/03/2022,"$3,664.00","$3,654.96",20.7823
25/03/2022,"$3,583.00","$3,621.94",20.7527
28/03/2022,"$3,606.00","$3,610.27",20.6582
29/03/2022,"$3,583.00","$3,613.36",20.6112
30/03/2022,"$3,508.00","$3,572.10",20.6828
31/03/2022,"$3,503.00","$3,595.56",20.577
01/04/2022,"$3,483.00","$3,573.24",20.5835
06/04/2022,"$3,443.50","$3,552.72",20.5157
07/04/2022,"$3,346.00","$3,476.62",20.4672
08/04/2022,"$3,395.00","$3,421.82",20.589
11/04/2022,"$3,234.50","$3,346.68",20.4742
12/04/2022,"$3,214.50","$3,278.68",20.3977
13/04/2022,"$3,207.00","$3,318.98",20.4588
14/04/2022,"$3,237.50","$3,349.25",20.4237
19/04/2022,"$3,312.00","$3,450.97",20.4453
20/04/2022,"$3,240.00","$3,396.44",20.3785
21/04/2022,"$3,262.00","$3,387.53",20.366
22/04/2022,"$3,244.00","$3,368.22",20.3607
25/04/2022,"$3,090.00","$3,240.79",20.3118
26/04/2022,"$3,102.50","$3,150.65",20.3002
27/04/2022,"$3,100.00","$3,156.20",20.403
28/04/2022,"$3,065.50","$3,147.77",20.46
29/04/2022,"$3,039.00","$3,150.07",20.4507
05/05/2022,"$2,917.00","$3,110.64",20.4598
06/05/2022,"$2,832.50","$3,039.75",20.6308
09/05/2022,"$2,708.00","$2,936.59",20.6683
10/05/2022,"$2,677.00","$2,932.88",20.6415
11/05/2022,"$2,737.00","$2,976.97",20.7383
12/05/2022,"$2,688.00","$2,981.35",20.8597
13/05/2022,"$2,723.00","$2,963.68",20.6352
16/05/2022,"$2,791.00","$3,027.02",20.58
17/05/2022,"$2,836.00","$3,031.99",20.6003
18/05/2022,"$2,845.00","$3,019.94",20.5562
19/05/2022,"$2,826.00","$3,040.54",20.7325
20/05/2022,"$2,931.00","$3,097.81",20.6413
23/05/2022,"$2,963.00","$3,138.26",20.5008
24/05/2022,"$2,881.00","$3,098.43",20.4148
25/05/2022,"$2,829.50","$3,055.23",20.4188
26/05/2022,"$2,825.50","$3,045.91",20.411
27/05/2022,"$2,823.00","$3,093.50",20.3992
30/05/2022,"$2,863.00","$3,113.82",20.3335
31/05/2022,"$2,816.50","$3,114.17",20.2978
01/06/2022,"$2,701.50","$3,037.84",20.3063
06/06/2022,"$2,742.00","$3,146.53",20.2825
07/06/2022,"$2,715.00","$3,123.17",20.2977
08/06/2022,"$2,765.50","$3,107.19",20.2435
09/06/2022,"$2,752.50","$3,117.98",20.6525
10/06/2022,"$2,695.00","$3,065.68",20.4465
13/06/2022,"$2,589.50","$2,991.82",20.4257
14/06/2022,"$2,588.00","$2,959.33",20.5272
15/06/2022,"$2,580.00","$2,965.34",20.7193
16/06/2022,"$2,500.50","$2,992.21",20.7033
17/06/2022,"$2,474.00","$2,929.61",20.9262
20/06/2022,"$2,462.00","$2,940.94",21.1947
21/06/2022,"$2,519.50","$2,947.39",21.3775
22/06/2022,"$2,455.50","$2,941.00",20.9677
23/06/2022,"$2,480.00","$2,897.17",20.9743
24/06/2022,"$2,436.00","$2,880.43",20.9695
27/06/2022,"$2,453.00","$2,838.60",20.8908
28/06/2022,"$2,500.00","$2,871.67",20.8743
29/06/2022,"$2,452.00","$2,884.78",20.7035
30/06/2022,"$2,397.00","$2,866.13",20.5585
01/07/2022,"$2,384.00","$2,829.58",20.4145
04/07/2022,"$2,431.50","$2,837.78",20.2782
05/07/2022,"$2,374.00","$2,798.18",20.18
06/07/2022,"$2,358.00","$2,715.11",20.1313
07/07/2022,"$2,417.50","$2,731.85",19.9577
08/07/2022,"$2,399.50","$2,762.80",20.1195
11/07/2022,"$2,417.00","$2,717.09",19.9942
12/07/2022,"$2,358.00","$2,659.50",19.8632
13/07/2022,"$2,343.00","$2,598.05",19.9112
14/07/2022,"$2,329.00","$2,555.96",19.8432
15/07/2022,"$2,320.50","$2,558.18",19.7443
18/07/2022,"$2,377.50","$2,609.34",19.9012
19/07/2022,"$2,412.00","$2,672.05",20.0665
20/07/2022,"$2,456.50","$2,647.72",20.1605
21/07/2022,"$2,426.00","$2,661.14",20.12
22/07/2022,"$2,460.00","$2,654.69",20.0093
25/07/2022,"$2,431.50","$2,663.58",19.8407
26/07/2022,"$2,437.00","$2,641.93",19.7967
27/07/2022,"$2,390.50","$2,662.94",19.9377
28/07/2022,"$2,458.00","$2,717.99",20.0447
29/07/2022,"$2,452.00","$2,770.24",20.0383
01/08/2022,"$2,469.50","$2,717.68",20.1802
02/08/2022,"$2,448.50","$2,676.58",20.3183
08/08/2022,"$2,435.50","$2,728.74",20.2992
09/08/2022,"$2,488.00","$2,739.85",20.356
10/08/2022,"$2,462.50","$2,780.69",20.4707
11/08/2022,"$2,498.00","$2,777.66",20.567
12/08/2022,"$2,468.50","$2,768.76",20.3728
15/08/2022,"$2,389.50","$2,696.65",20.4075
16/08/2022,"$2,442.00","$2,649.19",20.335
17/08/2022,"$2,414.00","$2,728.01",20.2535
18/08/2022,"$2,412.00","$2,734.62",20.2218
19/08/2022,"$2,376.00","$2,709.55",20.1085
22/08/2022,"$2,387.50","$2,706.84",20.3172
23/08/2022,"$2,438.50","$2,720.45",20.372
24/08/2022,"$2,422.00","$2,756.35",20.2592
25/08/2022,"$2,442.50","$2,765.24",20.32
26/08/2022,"$2,495.00","$2,739.77",20.1443
30/08/2022,"$2,406.50","$2,680.16",20.0782
31/08/2022,"$2,368.50","$2,661.86",19.9637
01/09/2022,"$2,306.00","$2,631.02",19.9663
02/09/2022,"$2,309.00","$2,606.03",19.9267
05/09/2022,"$2,290.50","$2,631.65",19.8657
06/09/2022,"$2,260.00","$2,645.92",19.8282
07/09/2022,"$2,230.50","$2,626.77",19.887
08/09/2022,"$2,256.00","$2,646.24",19.8377
09/09/2022,"$2,280.00","$2,704.18",19.7933
13/09/2022,"$2,309.50","$2,713.28",19.5965
14/09/2022,"$2,227.50","$2,680.29",19.4953
15/09/2022,"$2,272.00","$2,671.52",19.694
16/09/2022,"$2,259.00","$2,711.95",19.7388
19/09/2022,"$2,232.00","$2,689.90",19.5585
20/09/2022,"$2,245.50","$2,667.60",19.5742
21/09/2022,"$2,191.00","$2,635.35",19.5547
22/09/2022,"$2,195.50","$2,629.59",19.5998
23/09/2022,"$2,153.00","$2,626.65",19.59
26/09/2022,"$2,125.50","$2,577.14",19.6128
27/09/2022,"$2,106.00","$2,544.31",19.9297
28/09/2022,"$2,080.00","$2,496.73",20.4527
29/09/2022,"$2,261.00","$2,519.39",20.6583
30/09/2022,"$2,180.00","$2,568.34",20.6675
10/10/2022,"$2,274.00","$2,586.55",20.5728
11/10/2022,"$2,218.50","$2,584.24",20.476
12/10/2022,"$2,227.00","$2,560.33",20.2442
13/10/2022,"$2,374.00","$2,564.26",20.1963
14/10/2022,"$2,309.00","$2,586.79",20.0465
17/10/2022,"$2,240.00","$2,576.60",20.0365
18/10/2022,"$2,200.50","$2,543.51",19.8707
19/10/2022,"$2,169.00","$2,528.82",19.8797
20/10/2022,"$2,214.00","$2,549.79",19.9847
21/10/2022,"$2,155.50","$2,570.25",20.1443
24/10/2022,"$2,160.00","$2,560.53",20.1335
25/10/2022,"$2,170.50","$2,548.35",20.3817
26/10/2022,"$2,265.50","$2,599.11",20.2877
27/10/2022,"$2,297.00","$2,582.27",20.5598
28/10/2022,"$2,226.00","$2,523.12",20.7228
31/10/2022,"$2,197.00","$2,437.50",20.6022
01/11/2022,"$2,245.50","$2,432.96",20.4423
02/11/2022,"$2,227.00","$2,451.08",20.7473
03/11/2022,"$2,216.00","$2,466.94",20.7882
04/11/2022,"$2,306.00","$2,530.92",20.7613
07/11/2022,"$2,292.00","$2,537.11",20.9415
08/11/2022,"$2,327.00","$2,538.05",20.611
09/11/2022,"$2,338.00","$2,557.61",20.3957
10/11/2022,"$2,272.00","$2,580.31",20.4407
11/11/2022,"$2,410.00","$2,632.74",20.4913
14/11/2022,"$2,392.00","$2,670.57",20.6562
15/11/2022,"$2,410.00","$2,671.98",20.515
16/11/2022,"$2,393.00","$2,666.31",20.4652
17/11/2022,"$2,342.50","$2,636.84",20.433
18/11/2022,"$2,369.00","$2,677.43",20.512
21/11/2022,"$2,344.00","$2,650.50",20.3778
22/11/2022,"$2,394.00","$2,650.20",20.3485
23/11/2022,"$2,364.00","$2,645.42",20.2633
24/11/2022,"$2,344.00","$2,653.40",20.5152
25/11/2022,"$2,346.00","$2,638.64",20.6305
28/11/2022,"$2,315.50","$2,593.69",20.3358
29/11/2022,"$2,341.50","$2,645.42",20.401
30/11/2022,"$2,387.00","$2,655.26",20.2789
01/12/2022,"$2,430.50","$2,715.26",20.2715
02/12/2022,"$2,448.50","$2,733.15",19.9562
05/12/2022,"$2,485.00","$2,767.17",19.9595
06/12/2022,"$2,461.00","$2,745.11",19.874
07/12/2022,"$2,450.50","$2,761.17",19.8618
08/12/2022,"$2,468.50","$2,753.77",19.9303
09/12/2022,"$2,453.50","$2,761.91",20.0387
12/12/2022,"$2,390.00","$2,714.82",20.0835
13/12/2022,"$2,388.00","$2,692.80",20.1957
14/12/2022,"$2,379.50","$2,703.44",20.1598
15/12/2022,"$2,396.00","$2,691.89",19.9982
16/12/2022,"$2,354.00","$2,688.03",19.9198
19/12/2022,"$2,327.00","$2,672.11",19.9437
20/12/2022,"$2,329.50","$2,665.22",19.9268
21/12/2022,"$2,357.00","$2,667.82",19.9945
22/12/2022,"$2,362.00","$2,673.82",20.1465
23/12/2022,"$2,342.00","$2,664.09",20.0962
28/12/2022,"$2,343.00","$2,714.10",20.2473
29/12/2022,"$2,371.50","$2,686.04",19.9753
30/12/2022,"$2,360.50","$2,707.46",19.962
03/01/2023,"$2,337.50","$2,650.52",20.138
04/01/2023,"$2,250.00","$2,612.53",20.0297
05/01/2023,"$2,270.00","$2,586.34",20.0203
06/01/2023,"$2,242.50","$2,611.86",19.9027
09/01/2023,"$2,336.50","$2,644.25",19.7957
10/01/2023,"$2,397.00","$2,676.39",20.055
11/01/2023,"$2,451.00","$2,693.31",19.9768
12/01/2023,"$2,447.00","$2,716.86",20.0525
13/01/2023,"$2,511.00","$2,741.95",19.9943
16/01/2023,"$2,603.00","$2,746.51",20
17/01/2023,"$2,562.50","$2,742.41",20.0027
18/01/2023,"$2,636.00","$2,785.76",19.9608
19/01/2023,"$2,541.00","$2,812.09",20.1627
20/01/2023,"$2,585.50","$2,817.55",20.3517
30/01/2023,"$2,577.00","$2,824.27",20.357
31/01/2023,"$2,533.50","$2,798.68",20.3058
01/02/2023,"$2,611.00","$2,832.53",20.1927
02/02/2023,"$2,572.50","$2,839.32",20.0925
03/02/2023,"$2,560.00","$2,813.99",20.0008
06/02/2023,"$2,486.50","$2,788.28",19.9698
07/02/2023,"$2,472.50","$2,803.42",20.1267
08/02/2023,"$2,469.00","$2,814.90",20.1087
09/02/2023,"$2,424.50","$2,792.49",20.0502
10/02/2023,"$2,435.00","$2,751.03",19.9752
13/02/2023,"$2,382.50","$2,715.38",19.9652
14/02/2023,"$2,391.00","$2,718.31",20.0352
15/02/2023,"$2,367.00","$2,697.69",20.0398
16/02/2023,"$2,341.50","$2,679.42",20.0838
17/02/2023,"$2,335.00","$2,695.78",19.9913
20/02/2023,"$2,392.00","$2,723.22",20.0207
21/02/2023,"$2,430.50","$2,734.97",20.1272
22/02/2023,"$2,385.50","$2,725.70",20.0448
23/02/2023,"$2,368.50","$2,712.40",19.9647
24/02/2023,"$2,307.00","$2,674.98",19.9535
27/02/2023,"$2,314.00","$2,649.92",19.8712
28/02/2023,"$2,300.00","$2,664.82",19.8553
01/03/2023,"$2,364.00","$2,699.03",19.8365
02/03/2023,"$2,366.50","$2,697.09",19.8303
03/03/2023,"$2,361.50","$2,699.38",19.8245
06/03/2023,"$2,321.50","$2,692.64",19.7463
07/03/2023,"$2,312.50","$2,676.70",19.6673
08/03/2023,"$2,288.50","$2,661.74",19.5202
09/03/2023,"$2,291.00","$2,656.90",19.4647
10/03/2023,"$2,249.00","$2,657.42",19.4775
13/03/2023,"$2,236.50","$2,665.96",19.5887
14/03/2023,"$2,272.00","$2,661.20",19.394
15/03/2023,"$2,246.00","$2,657.80",19.5353
16/03/2023,"$2,237.50","$2,627.76",19.4015
17/03/2023,"$2,232.00","$2,639.01",19.3818
20/03/2023,"$2,237.50","$2,640.10",19.3137
21/03/2023,"$2,235.00","$2,638.28",19.4333
22/03/2023,"$2,232.00","$2,636.47",19.493
23/03/2023,"$2,265.00","$2,675.45",19.4667
24/03/2023,"$2,265.00","$2,676.13",19.3683
27/03/2023,"$2,298.00","$2,679.67",19.3692
28/03/2023,"$2,315.00","$2,707.35",19.3393
29/03/2023,"$2,366.00","$2,713.79",19.325
30/03/2023,"$2,344.00","$2,722.31",19.216
31/03/2023,"$2,336.50","$2,727.82",19.3965
03/04/2023,"$2,380.50","$2,718.98",19.1433
04/04/2023,"$2,341.50","$2,718.56",19.3422
06/04/2023,"$2,300.50","$2,703.71",19.7567
11/04/2023,"$2,268.00","$2,681.12",19.803
12/04/2023,"$2,258.50","$2,681.18",19.6977
13/04/2023,"$2,330.00","$2,692.14",19.6732
14/04/2023,"$2,356.00","$2,720.12",19.8192
17/04/2023,"$2,364.50","$2,726.98",19.6458
18/04/2023,"$2,401.00","$2,743.70",19.6955
19/04/2023,"$2,382.00","$2,763.16",19.7963
20/04/2023,"$2,410.00","$2,794.33",19.7932
21/04/2023,"$2,388.50","$2,739.05",19.7557
24/04/2023,"$2,354.50","$2,731.08",19.7482
25/04/2023,"$2,313.00","$2,710.96",19.6932
26/04/2023,"$2,339.50","$2,701.72",19.574
27/04/2023,"$2,302.00","$2,662.01",19.4287
28/04/2023,"$2,342.00","$2,672.61",19.3983
02/05/2023,"$2,353.00","$2,664.65",19.4407
03/05/2023,"$2,330.00","$2,650.90",19.4143
04/05/2023,"$2,297.00","$2,664.65",19.3615
05/05/2023,"$2,277.50","$2,652.74",19.4715
09/05/2023,"$2,321.00","$2,644.39",19.4883
10/05/2023,"$2,276.00","$2,647.29",19.422
11/05/2023,"$2,229.00","$2,605.34",19.3568
12/05/2023,"$2,230.50","$2,576.85",19.3672
15/05/2023,"$2,260.50","$2,606.75",19.1753
16/05/2023,"$2,235.50","$2,603.13",19.1648
17/05/2023,"$2,269.00","$2,642.33",19.1108
18/05/2023,"$2,312.00","$2,647.47",19.026
19/05/2023,"$2,300.00","$2,636.51",18.8735
22/05/2023,"$2,262.00","$2,558.51",18.7922
23/05/2023,"$2,202.00","$2,563.61",18.7913
24/05/2023,"$2,234.00","$2,493.86",18.7493
25/05/2023,"$2,236.00","$2,501.01",18.7493
26/05/2023,"$2,242.00","$2,575.00",19.0327
30/05/2023,"$2,230.00","$2,537.75",18.9257
31/05/2023,"$2,255.00","$2,549.12",18.8267
01/06/2023,"$2,281.00","$2,587.62",18.8318
02/06/2023,"$2,263.50","$2,609.38",18.82
05/06/2023,"$2,216.00","$2,542.05",18.8355
06/06/2023,"$2,172.00","$2,550.29",18.7872
07/06/2023,"$2,169.00","$2,554.62",18.7793
08/06/2023,"$2,187.50","$2,565.38",18.7937
09/06/2023,"$2,221.00","$2,586.87",18.739
12/06/2023,"$2,188.00","$2,552.06",18.6232
13/06/2023,"$2,193.50","$2,576.50",18.8895
14/06/2023,"$2,200.00","$2,596.95",19.0517
15/06/2023,"$2,197.00","$2,583.25",18.9435
16/06/2023,"$2,224.50","$2,603.77",18.9543
19/06/2023,"$2,195.00","$2,574.47",18.6893
20/06/2023,"$2,184.50","$2,603.72",18.6327
21/06/2023,"$2,157.00","$2,580.12",18.5383
22/06/2023,"$2,190.50","$2,567.24",18.6428
23/06/2023,"$2,132.50","$2,559.89",18.5497
26/06/2023,"$2,116.00","$2,532.47",18.4142
27/06/2023,"$2,151.50","$2,551.28",18.397
28/06/2023,"$2,141.50","$2,517.15",18.3938
29/06/2023,"$2,105.50","$2,483.04",18.3483
30/06/2023,"$2,096.50","$2,494.39",18.4107
03/07/2023,"$2,107.00","$2,500.56",18.4023
04/07/2023,"$2,102.50","$2,479.44",18.4077
05/07/2023,"$2,093.00","$2,457.38",18.3448
06/07/2023,"$2,103.50","$2,467.16",18.17
07/07/2023,"$2,086.00","$2,473.32",18.126
10/07/2023,"$2,096.00","$2,482.62",18.0123
11/07/2023,"$2,129.00","$2,501.51",18.0122
12/07/2023,"$2,147.50","$2,506.85",18.1155
13/07/2023,"$2,236.00","$2,531.58",17.9662
14/07/2023,"$2,225.00","$2,538.21",18.0577
17/07/2023,"$2,195.00","$2,541.69",18.4083
18/07/2023,"$2,169.50","$2,551.35",18.8302
19/07/2023,"$2,142.00","$2,555.70",18.6427
20/07/2023,"$2,172.00","$2,547.54",18.9972
21/07/2023,"$2,153.50","$2,550.14",18.9095
24/07/2023,"$2,155.00","$2,527.18",18.8977
25/07/2023,"$2,184.00","$2,563.12",18.6755
26/07/2023,"$2,170.50","$2,549.70",18.5437
27/07/2023,"$2,176.00","$2,562.22",18.4902
28/07/2023,"$2,161.50","$2,576.44",18.5178
31/07/2023,"$2,195.50","$2,569.52",18.383
01/08/2023,"$2,217.00","$2,588.66",18.2523
02/08/2023,"$2,176.50","$2,591.65",18.1052
03/08/2023,"$2,147.00","$2,584.40",18.0932
04/08/2023,"$2,166.00","$2,577.05",18.0415
07/08/2023,"$2,178.00","$2,569.42",18.107
08/08/2023,"$2,143.00","$2,576.57",18.1185
09/08/2023,"$2,153.00","$2,584.94",18.3323
10/08/2023,"$2,161.50","$2,572.20",18.1765
11/08/2023,"$2,127.00","$2,551.86",18.187
14/08/2023,"$2,096.00","$2,527.11",18.066
15/08/2023,"$2,085.50","$2,558.79",18.0152
16/08/2023,"$2,089.00","$2,548.64",18.0638
17/08/2023,"$2,131.00","$2,542.63",18.0868
18/08/2023,"$2,096.00","$2,526.32",18.063
21/08/2023,"$2,068.50","$2,533.13",18.0448
22/08/2023,"$2,121.50","$2,560.34",18.009
23/08/2023,"$2,129.00","$2,570.94",17.9988
24/08/2023,"$2,119.50","$2,545.75",18.0082
25/08/2023,"$2,124.00","$2,543.89",18.0892
29/08/2023,"$2,116.50","$2,553.58",18.103
30/08/2023,"$2,140.50","$2,565.95",18.0723
31/08/2023,"$2,165.50","$2,575.93",17.9975
01/09/2023,"$2,184.00","$2,604.06",18.0325
04/09/2023,"$2,149.50","$2,654.01",17.906
05/09/2023,"$2,136.50","$2,602.00",17.9575
06/09/2023,"$2,158.00","$2,615.44",17.7863
07/09/2023,"$2,135.00","$2,632.82",17.8213
08/09/2023,"$2,132.50","$2,636.56",17.7608
11/09/2023,"$2,154.00","$2,596.31",17.5845
12/09/2023,"$2,153.00","$2,615.89",17.6287
13/09/2023,"$2,156.50","$2,627.06",17.6142
14/09/2023,"$2,192.50","$2,604.27",17.538
15/09/2023,"$2,155.50","$2,649.33",17.4672
18/09/2023,"$2,165.00","$2,650.83",17.5872
19/09/2023,"$2,174.50","$2,639.31",17.7342
20/09/2023,"$2,202.00","$2,643.58",17.693
21/09/2023,"$2,166.50","$2,653.19",17.868
22/09/2023,"$2,199.50","$2,661.11",17.9687
25/09/2023,"$2,182.50","$2,659.86",17.8195
26/09/2023,"$2,195.00","$2,652.76",17.8252
27/09/2023,"$2,196.00","$2,645.03",17.6723
28/09/2023,"$2,232.00","$2,660.54",17.5605
29/09/2023,"$2,307.50","$2,654.71",17.6532
02/10/2023,"$2,286.50","$2,656.66",17.7418
03/10/2023,"$2,257.00","$2,656.66",17.5673
04/10/2023,"$2,231.00","$2,658.60",17.5063
05/10/2023,"$2,195.50","$2,660.54",17.4732
06/10/2023,"$2,208.00","$2,660.54",17.4192
09/10/2023,"$2,193.00","$2,663.97",17.3608
10/10/2023,"$2,199.00","$2,625.61",17.4085
11/10/2023,"$2,179.00","$2,605.74",17.284
12/10/2023,"$2,180.50","$2,618.07",17.312
13/10/2023,"$2,176.00","$2,619.30",17.2185
16/10/2023,"$2,161.50","$2,594.78",17.1247
17/10/2023,"$2,148.50","$2,600.95",17.1762
18/10/2023,"$2,176.50","$2,570.98",17.0792
19/10/2023,"$2,150.50","$2,588.78",17.0945
20/10/2023,"$2,152.00","$2,595.78",17.2043
23/10/2023,"$2,144.50","$2,587.73",17.1547
24/10/2023,"$2,146.50","$2,576.80",17.1713
25/10/2023,"$2,188.50","$2,586.36",17.1795
26/10/2023,"$2,202.50","$2,603.45",17.1445
27/10/2023,"$2,170.50","$2,597.30",17.1013
30/10/2023,"$2,252.00","$2,586.20",17.072
31/10/2023,"$2,235.00","$2,622.04",17.1187
01/11/2023,"$2,230.50","$2,626.69",17.1358
02/11/2023,"$2,218.00","$2,629.42",17.0517
03/11/2023,"$2,219.50","$2,625.32",17.026
06/11/2023,"$2,254.00","$2,623.96",17.004
07/11/2023,"$2,241.00","$2,630.11",17.2825
08/11/2023,"$2,258.50","$2,621.22",17.1012
09/11/2023,"$2,228.00","$2,638.06",17.0605
10/11/2023,"$2,205.50","$2,633.13",17.0783
13/11/2023,"$2,220.50","$2,622.43",16.8537
14/11/2023,"$2,194.00","$2,592.22",16.8905
15/11/2023,"$2,205.00","$2,603.89",16.7892
16/11/2023,"$2,182.50","$2,606.11",16.7858
17/11/2023,"$2,165.00","$2,602.00",16.748
20/11/2023,"$2,192.00","$2,599.60",16.7667
21/11/2023,"$2,201.50","$2,616.48",16.846
22/11/2023,"$2,194.50","$2,606.64",16.9393
23/11/2023,"$2,183.00","$2,600.83",16.8367
24/11/2023,"$2,179.00","$2,612.14",16.9075
27/11/2023,"$2,177.00","$2,630.38",16.8825
28/11/2023,"$2,164.50","$2,641.03",16.7338
29/11/2023,"$2,178.00","$2,631.52",16.6895
30/11/2023,"$2,157.50","$2,590.95",16.7303
01/12/2023,"$2,147.50","$2,600.28",16.8533
04/12/2023,"$2,148.50","$2,592.35",17.0193
05/12/2023,"$2,121.50","$2,607.02",17.2892
06/12/2023,"$2,117.50","$2,584.14",17.0555
07/12/2023,"$2,099.00","$2,587.20",17.0608
08/12/2023,"$2,111.00","$2,580.90",17.1122
11/12/2023,"$2,082.50","$2,586.75",17.0767
12/12/2023,"$2,090.50","$2,567.69",16.9548
13/12/2023,"$2,083.00","$2,576.51",17.0045
14/12/2023,"$2,137.00","$2,556.34",17.0672
15/12/2023,"$2,196.00","$2,597.95",17.1388
18/12/2023,"$2,213.00","$2,610.48",17.0768
19/12/2023,"$2,215.50","$2,636.05",17.1225
20/12/2023,"$2,192.00","$2,664.37",17.0477
21/12/2023,"$2,180.00","$2,672.31",17.0202
22/12/2023,"$2,234.50","$2,663.10",16.9267
27/12/2023,"$2,293.50","$2,686.93",16.8077
28/12/2023,"$2,313.50","$2,677.31",16.809
29/12/2023,"$2,335.50","$2,694.82",16.7718
